Question,Answers,Comment,Instructions,Render as
"A：この服どう？デザインがカッコよくない？
B：うーん、なんか（）してるし、私はあまり好きじゃないなぁ
A：この ふくどう？ デザインが カッコよくない",ごちゃごちゃ,,漢字の読みを入力してください,Text
宇宙飛行士になるという夢に向かって、一生懸命頑張っている彼を馬鹿にする人もいるが、僕にはとても（）輝いて見えた。,きらきら,,漢字の読みを入力してください,Text
"A：これ、プレゼント。前から欲しがってた指輪。サイズが合うか心配だけど・・・
B：わー。嬉しい。サイズも（）よ。",ぴったり,,漢字の読みを入力してください,Text
彼は父に借りたパソコンを壊してしまったようで、「後で、めちゃくちゃ怒られる」と言いながら（）していた。,びくびく,,漢字の読みを入力してください,Text
先輩に告白しようと、呼び出したものの（）してしまい、結局自分の気持ちを伝えることができなかった。,もじもじ,,漢字の読みを入力してください,Text
海外留学中、ろくに運動もせず、カロリーが高いものを食べてばかりいたので、（）太ってしまった。,ぶくぶく,,漢字の読みを入力してください,Text
陶芸体験でカップを作ってみたが、プロのように綺麗に作れず、（）したカップが出来上がった。,でこぼこ,,漢字の読みを入力してください,Text
子供の頃、コーラを飲む時、ストローから息を吹きかけて、（）と泡を立てる遊びしたことある？,ぶくぶく,,漢字の読みを入力してください,Text
"A：あの子、あそこで（）してるけど溺れているんじゃない？
B：本当だ！助けに行ってくる。",ばしゃばしゃ,,漢字の読みを入力してください,Text
日本人はラーメンを（）と音を立てて食べるが、一部の国の人には、その音が不快なようだ。,ずるずる,,漢字の読みを入力してください,Text
田中さんはこの前の合コンで出会った男性に（）で、毎日のように連絡をとっているそうだ。,めろめろ,,漢字の読みを入力してください,Text
昨日見た試合は、最後までどっちのチームが勝つのか予測不可能で、とても（）しました。,はらはら,,漢字の読みを入力してください,Text
歳をとって、（）になるのが嫌なので、できるだけ普段から体を鍛えるようにしています。,よぼよぼ,,漢字の読みを入力してください,Text
フィリピンやマレーシアといった東南アジアの国々で、高層ビルが（）建ち始めている。,にょきにょき,,漢字の読みを入力してください,Text
どこかでカシャッ（）という音が聞こえてくるし、誰かに写真を撮られている気がする。,カシャッ,,漢字の読みを入力してください,Text
落ちこぼれだった彼が成功しているのを聞いて、嫉妬の炎が（）と燃え上がってきた。,めらめら,,漢字の読みを入力してください,Text
巻き寿司の作り方は簡単ですよ。いろんな具材を海苔にのせて、（）と巻くだけです。,くるくる,,漢字の読みを入力してください,Text
（）（しわくちゃ）のシャツはだらしなく見えるからアイロンをかけたほうがいいよ。,しわしわ,,漢字の読みを入力してください,Text
ジェームスさんは来月、国の両親が日本に来ることになったそうで、（）している。,うきうき,,漢字の読みを入力してください,Text
ジェームスさんはシャドーイングの練習を始めたことで、（）と日本語が上達した。,ぐんぐん,,漢字の読みを入力してください,Text
この参考書すごいオススメですよ。私が学生の頃、（）になるまで使い込みました。,ぼろぼろ,,漢字の読みを入力してください,Text
彼らは社内恋愛で、上司や同僚にバレたくないので、（）付き合っているらしい。,こそこそ,,漢字の読みを入力してください,Text
注意されたので謝ろうとしたが、（）としつこかったので、謝る気がなくなった。,くどくど,,漢字の読みを入力してください,Text
待ち合わせの時間よりも、早く着いてしまったので、駅周辺を（）していました。,うろうろ,,漢字の読みを入力してください,Text
友達の家を訪問すると、子供たちが僕の方にやってきて、（）とお辞儀をした。,ぺこり,,漢字の読みを入力してください,Text
彼女は気になる男性から映画に誘われたそうで、（）気分で映画館へ向かった。,るんるん,,漢字の読みを入力してください,Text
"田中さん、今日も髪型（）きまってるね！
たなかさん、きょうも かみがた",ばっちり,,漢字の読みを入力してください,Text
大学の頃は、よく友達と飲みにいって、くだらない話で（）と笑い合ったなあ。,げらげら,,漢字の読みを入力してください,Text
牛ヒレ肉は強火で（）煮すぎると、固くなってしまうので気をつけてください。,ぐつぐつ,,漢字の読みを入力してください,Text
（）とバイト代を貯金してきたので、大学を卒業する頃には３００万円あった。,こつこつ,,漢字の読みを入力してください,Text
彼は今日アプリで知り合った子と初デートらしく、さっきから（）している。,そわそわ,,漢字の読みを入力してください,Text
彼は今日、絶対に残業したくないらしく、定時になると（）と帰っていった。,こそこそ,,漢字の読みを入力してください,Text
彼は何かいいことでもあったのか、仕事が終わると（）気分で帰って行った。,るんるん,,漢字の読みを入力してください,Text
長い間、庭の手入れをしていなかったので、植物は枯れ、（）になっていた。,からから,,漢字の読みを入力してください,Text
将来は南の島でハンモックに（）揺られながら、のんびり過ごすのが夢です。,ゆらゆら,,漢字の読みを入力してください,Text
今日は大学入試の合格発表日なので、息子は朝から発表待ちで（）している。,そわそわ,,漢字の読みを入力してください,Text
怪しいネットビジネスに（）誘ってくる友達とは距離を置くようにしている。,ぐいぐい,,漢字の読みを入力してください,Text
フィギュアスケート選手は、あんなに（）回って、目が回らないのだろうか。,くるくる,,漢字の読みを入力してください,Text
ボロいアパートに住んでいるので、雨の日は天井から水が（）落ちてくる。,ぽたぽた,,漢字の読みを入力してください,Text
あれ、ここさっき通ったような・・・。同じ道を（）回っているみたいだ。,ぐるぐる,,漢字の読みを入力してください,Text
"A：どうしたの？口を（）と開けて
B：う、うしろに、お化けが・・・。",ぽかん,,漢字の読みを入力してください,Text
本当に、うるさいなぁ。もうわかったから、これ以上（）言わないでよ。,ごちゃごちゃ,,漢字の読みを入力してください,Text
彼は大学を卒業しても仕事をせず、実家で（）とした生活を送っている。,だらだら,,漢字の読みを入力してください,Text
彼はいつも上司がいないところで、（）と仕事の不満ばかり言っている。,ねちねち,,漢字の読みを入力してください,Text
周りで（）話をされると、自分の悪口を言われているようで不安になる。,ひそひそ,,漢字の読みを入力してください,Text
私は人見知りなので、知らない人に話しかけらると（）してしまいます。,おどおど,,漢字の読みを入力してください,Text
佐藤さんの双子の兄弟は顔だけでなく、趣味や好みのタイプまで（）だ。,そっくり,,漢字の読みを入力してください,Text
ちょっと良い値段のお弁当を注文したが、箱を開けると中が（）だった。,すかすか,,漢字の読みを入力してください,Text
ここ最近、水をやるのを忘れていたせいで、花が（）になってしまった。,へなへな,,漢字の読みを入力してください,Text
"A：ちょっと鈴木さん、机の上が（）よ
B：すみません。整理します。",ごちゃごちゃ,,漢字の読みを入力してください,Text
目の前でもドーナツを（）食べる友達を見てたら、お腹が空いてきた。,もぐもぐ,,漢字の読みを入力してください,Text
面接では面接官に良い印象を与えるために（）と話したほうがいいよ。,はきはき,,漢字の読みを入力してください,Text
熱でぐったりしていた息子だが、今では熱も下がって（）しています。,ぴんぴん,,漢字の読みを入力してください,Text
謎のウイルスにより、人が（）と倒れている光景をテレビで見ました。,ばたばた,,漢字の読みを入力してください,Text
大勢の人の前で話すのは初めてだったので、緊張で（）してしまった。,もじもじ,,漢字の読みを入力してください,Text
試験中、隣の人が（）と何度も咳をするので、全然集中できなかった。,ごほごほ,,漢字の読みを入力してください,Text
昨日、久しぶりに友達に会ったが、すごく（）していて心配になった。,げっそり,,漢字の読みを入力してください,Text
怪しい男の人が家のまわりを（）していたので、警察に連絡しました。,うろうろ,,漢字の読みを入力してください,Text
この店のたい焼きは中にあんこが（）入っているから人気があります。,たっぷり,,漢字の読みを入力してください,Text
このパスタ、手打ち生パスタということもあって、（）した食感です。,もちもち,,漢字の読みを入力してください,Text
クラスメイトの鈴木君はいつも（）独り言を言っていて、気味が悪い。,ぶつぶつ,,漢字の読みを入力してください,Text
あ、落とした消しゴムが（）転がってあんなところまで行っちゃった。,ころころ,,漢字の読みを入力してください,Text
あ〜、暑いし、ベトベトする。シャワーでも浴びて、（）して来よう。,さっぱり,,漢字の読みを入力してください,Text
"A：髪短くしてみたんだけどどう？
B：（）してていいんじゃない。",すっきり,,漢字の読みを入力してください,Text
"A：どうしたの（）震えてるけど
B：うん、日本の冬は寒すぎるよ。",ぶるぶる,,漢字の読みを入力してください,Text
（）してると、今日の会議までに間に合わないよ。急いで資料作って。,もたもた,,漢字の読みを入力してください,Text
日本の雨は私の国に比べると（）と長い時間かけて降ることが多い。,しとしと,,漢字の読みを入力してください,Text
二人ともあまり顔が似ていないけど、子供の頃は（）だったんだね。,そっくり,,漢字の読みを入力してください,Text
誰もいないはずなのに、子供の声が聞こえてきてゾクッとした。（）,ぞくぞく,,漢字の読みを入力してください,Text
暑かったら、冷蔵庫に（）に冷えたジュースがあるから、飲みなよ。,きんきん,,漢字の読みを入力してください,Text
宿題も終わったし、予習、復習も終わったし、明日の授業は（）だ。,ばっちり,,漢字の読みを入力してください,Text
私の国の夏はカラッとしていますが、日本の夏は（）していますね。,じめじめ,,漢字の読みを入力してください,Text
山頂についた時はもう（）で、景色を楽しんでいる余裕はなかった。,へとへと,,漢字の読みを入力してください,Text
よちよち歩く息子を、転んで怪我をしないか、（）と見守っている。,はらはら,,漢字の読みを入力してください,Text
トムさんはバイトで疲れているのか、授業中に（）することが多い。,うとうと,,漢字の読みを入力してください,Text
どうしてもわからなかったので、隣の人の答えを（）見てしまった。,ちらっと,,漢字の読みを入力してください,Text
そんな（）のスーツ着てると、だらしなく見えるし、恥ずかしいよ。,よれよれ,,漢字の読みを入力してください,Text
（）コンビニのコピー機に原本を挟んだまま、帰ってきてしまった。,うっかり,,漢字の読みを入力してください,Text
娘が連れてきた彼氏が（）した男だったので、とても悲しくなった,ちゃらちゃら,,漢字の読みを入力してください,Text
彼は私の言ったことがよく分からなかったのか、目を（）させた。,ぱちぱち,,漢字の読みを入力してください,Text
彼に意見を聞いても、（）して何も言わないので、イライラする。,いじいじ,,漢字の読みを入力してください,Text
彼にもらったダイヤの指輪はとても（）と輝いていて美しかった。,きらきら,,漢字の読みを入力してください,Text
打ったボールは勢いが弱く（）とサードのほうへ転がっていった。,ころころ,,漢字の読みを入力してください,Text
息子は公園で泥んこ遊びをしたそうで、（）になって帰ってきた。,どろどろ,,漢字の読みを入力してください,Text
息子がずっと（）と咳をしているのですが、何か病気でしょうか。,こんこん,,漢字の読みを入力してください,Text
先輩はいい人だと思っていたのに、その話を聞いて（）しました。,がっかり,,漢字の読みを入力してください,Text
生徒の何人かは、いつも授業中にスマホで（）ゲームをしている。,こそこそ,,漢字の読みを入力してください,Text
観光客っぽい外国人が道に迷ったのか、辺りを（）見回していた。,きょろきょろ,,漢字の読みを入力してください,Text
映画の続編決定だって。どんなストーリーになるのか（）するね。,わくわく,,漢字の読みを入力してください,Text
レモンやぶどうには血液を（）にする効果があると言われている。,さらさら,,漢字の読みを入力してください,Text
もっと（）と喋ってください。何を言っているのかわかりません。,はきはき,,漢字の読みを入力してください,Text
この近くで警察と銀行強盗犯が銃で（）と打ち合っていたそうだ。,ばんばん,,漢字の読みを入力してください,Text
インコは怒っている時や、欲求不満である時に羽を（）させます。,ばたばた,,漢字の読みを入力してください,Text
野菜をフライパンに入れると、ジューと大きな音を立てた。（）,ジュージュー,,漢字の読みを入力してください,Text
宝くじに１０万円も使ったのに、１つも当たらなくて（）した。,がっかり,,漢字の読みを入力してください,Text
彼は失恋したばかりなので、（）しておいたほうがいいだろう。,そっと,,漢字の読みを入力してください,Text
彼は今日忙しかったそうで、家に帰ってきてから（）している。,ぐったり,,漢字の読みを入力してください,Text
彼は言うことが（）変わるからあまり一緒に仕事をしたくない。,ころころ,,漢字の読みを入力してください,Text
子供たちを起こさないように、（）枕元にプレゼントを置いた。,そっと,,漢字の読みを入力してください,Text
温泉に入った後は、やっぱりコーヒー牛乳を（）と飲みたいね。,ぐびぐび,,漢字の読みを入力してください,Text
飲み会に行く時は早めに妻に連絡しないと、後で（）言われる。,がみがみ,,漢字の読みを入力してください,Text
まだ発表が終わっていない学生らは、発表待ちで（）している。,そわそわ,,漢字の読みを入力してください,Text
マジックショーを見ていた子供たちは目を（）と輝かせていた。,きらきら,,漢字の読みを入力してください,Text
パンフレット用に印刷するので、こんな（）な紙じゃダメだよ。,ぺらぺら,,漢字の読みを入力してください,Text
スマホをいじりながら歩いていたら、（）と電柱にぶつかった。,ごつん,,漢字の読みを入力してください,Text
この会社で皆さんと一緒に仕事ができることに（）しています。,わくわく,,漢字の読みを入力してください,Text
お母さん、近くで（）って救急車のサイレンの音が聞こえるよ。,ピーポーピーポー,,漢字の読みを入力してください,Text
お腹が空いていたのか、餌をやると（）と勢いよく食べ始めた。,ばくばく,,漢字の読みを入力してください,Text
あそこに立っている男の人、さっきから（）してて怪しくない？,きょろきょろ,,漢字の読みを入力してください,Text
（）と読めるように何度も声に出して読む練習をしてください。,すらすら,,漢字の読みを入力してください,Text
友達に身に覚えのないことを言われて、（）としてしまった。,ぽかん,,漢字の読みを入力してください,Text
彼に声をかけたが、振り向きもせずに（）と行ってしまった。,すたすた,,漢字の読みを入力してください,Text
店に入るとすでに飲み会が始まっていて（）と騒がしかった。,わいわい,,漢字の読みを入力してください,Text
先輩に仕事の愚痴を聞いてもらったら、だいぶ（）しました。,すっきり,,漢字の読みを入力してください,Text
床が（）して滑りやすくなっているので、注意してください。,つるつる,,漢字の読みを入力してください,Text
今日は朝から定時まで、休みなく働いたので、もう（）です。,くたくた,,漢字の読みを入力してください,Text
考えなければならないことが多すぎて、もう頭の中が（）だ。,ぐちゃぐちゃ,,漢字の読みを入力してください,Text
血液が（）だと診断されたので、食生活を見直す必要がある。,どろどろ,,漢字の読みを入力してください,Text
君には期待していたのに、仕事ではミスばかりするし（）だ。,がっかり,,漢字の読みを入力してください,Text
海外旅行中、睡眠薬強盗の被害に遭い持ち物を（）奪われた。,ごっそり,,漢字の読みを入力してください,Text
この前植えたトマトの種が（）育って、もう収穫できそうだ。,すくすく,,漢字の読みを入力してください,Text
あー、毎日、上司にたくさん仕事を押し付けられて（）する。,いらいら,,漢字の読みを入力してください,Text
（）燃える薪ストーブの炎を見ていると、なんだか落ち着く。,めらめら,,漢字の読みを入力してください,Text
冷蔵庫の中身、（）じゃん。毎日どうやって暮らしてるの？,すかすか,,漢字の読みを入力してください,Text
遊園地のコーヒーカップのような（）回る乗り物が苦手だ。,ぐるぐる,,漢字の読みを入力してください,Text
彼女とモールで買い物をしていたら、元カノに（）会った。,ばったり,,漢字の読みを入力してください,Text
彼は昨日、彼女ができたようで、今日１日中（）していた。,にこにこ,,漢字の読みを入力してください,Text
知らない人に、突然大きな声で話しかけられて（）とした。,びくっ,,漢字の読みを入力してください,Text
男の人が向こうから、（）と息を切らしながら走ってきた。,はぁはぁ,,漢字の読みを入力してください,Text
前の車が（）走っているせいで、予定の時間に遅れそうだ。,のろのろ,,漢字の読みを入力してください,Text
先輩は（）した性格で、決断が遅いので、正直やりにくい。,いじいじ,,漢字の読みを入力してください,Text
私は（）お肌をキープするために、エステに通っています。,すべすべ,,漢字の読みを入力してください,Text
私の上司は少しでも仕事でミスをすると、（）言ってくる。,がみがみ,,漢字の読みを入力してください,Text
強風のせいで、テントが（）とうるさくて、寝られません。,ばたばた,,漢字の読みを入力してください,Text
フレンチレストランなんだし、そんなに（）食べないでよ。,がつがつ,,漢字の読みを入力してください,Text
この先は（）した大きな岩が多いので、行くのは危険です。,ごつごつ,,漢字の読みを入力してください,Text
グラスにコーラを注いだ時に出る、（）という音が好きだ。,しゅわしゅわ,,漢字の読みを入力してください,Text
ガリガリの体型よりも、少し（）した体型の方が好みです。,ふっくら,,漢字の読みを入力してください,Text
アヒルがグワッグワッと鳴きながら歩いていて可愛い。（）,ガーガー,,漢字の読みを入力してください,Text
あなた、まだ食器が少し（）してるよ。しっかり洗ってよ。,ぬるぬる,,漢字の読みを入力してください,Text
K-1の試合前の会見では両選手が（）に睨み合っていた。,ばちばち,,漢字の読みを入力してください,Text
（）に注がれた枡酒はどのように飲めばいいのでしょうか。,なみなみ,,漢字の読みを入力してください,Text
（）・・・。ここまで来れば、もう追って来れないだろう。,はぁはぁ,,漢字の読みを入力してください,Text
夕方になるとカラスの（）という鳴き声が聞こえてくる。,かあかあ,,漢字の読みを入力してください,Text
野菜をフライパンに入れると、（）と大きな音を立てた。,じゅうじゅう,,漢字の読みを入力してください,Text
明日の試験のことを考えると、胸が（）して寝られない。,どきどき,,漢字の読みを入力してください,Text
明日、彼は初めて彼女とデートするそうで（）している。,うきうき,,漢字の読みを入力してください,Text
部長は怒っている時、キーボードの（）音が大きくなる。,かたかた,,漢字の読みを入力してください,Text
彼は海外に行った時、現地の女性から（）だったらしい。,もてもて,,漢字の読みを入力してください,Text
彼は飲み過ぎたせいで、まっすぐ歩けず、（）している。,よろよろ,,漢字の読みを入力してください,Text
彼は（）と努力するタイプだから、いずれ結果が出るよ。,こつこつ,,漢字の読みを入力してください,Text
動物園の動物たちは夏の暑さにやられて、（）している。,ぐったり,,漢字の読みを入力してください,Text
先輩のミスなのに、僕のせいにされて、本当に（）する。,いらいら,,漢字の読みを入力してください,Text
親子丼の卵は固めより、少し（）しているほうが好きだ。,とろとろ,,漢字の読みを入力してください,Text
上手になりたかったら、（）と練習し続けるしかないよ。,こつこつ,,漢字の読みを入力してください,Text
実家から段ボールに（）詰まったみかんが送られてきた。,ぎっしり,,漢字の読みを入力してください,Text
私の犬のほっぺは、（）してて摘むと気持ちがいいです。,もちもち,,漢字の読みを入力してください,Text
死んだと思っていたゴキブリだが、まだ（）動いていた。,ぴくぴく,,漢字の読みを入力してください,Text
妻と私の母は意見が合わないことが多く、（）している。,ぎすぎす,,漢字の読みを入力してください,Text
今日は忙しすぎて朝から何も食べてない。もう（）だよ。,ふらふら,,漢字の読みを入力してください,Text
今、ご飯の準備してるんだから、台所を（）しないでよ。,うろうろ,,漢字の読みを入力してください,Text
後輩はメールの送信先を間違えてしまい、（）している。,あたふた,,漢字の読みを入力してください,Text
兄にもらったジャケットは（）で私の体型には合わない。,ぶかぶか,,漢字の読みを入力してください,Text
靴底が（）するので、見てみるとガムがくっついていた。,ねちねち,,漢字の読みを入力してください,Text
ミントのキャンディを食べたので、口の中が（）します。,ひんやり,,漢字の読みを入力してください,Text
シャンプーをしていたら、髪が（）抜けて心配になった。,ごっそり,,漢字の読みを入力してください,Text
コンビニでサンドイッチを買ったら、中身が（）だった。,すかすか,,漢字の読みを入力してください,Text
この店のおすすめは（）と辛くて美味しい麻婆豆腐です。,ぴりっ,,漢字の読みを入力してください,Text
あのおじいさん、（）と歩いているけど、大丈夫かなあ。,よろよろ,,漢字の読みを入力してください,Text
あー（）した。さっきからずっとトイレ我慢してたんだ。,すっきり,,漢字の読みを入力してください,Text
あ〜、二の腕が（）してきた。ダイエットしないとなあ。,むちむち,,漢字の読みを入力してください,Text
"A：この明るい服は私に（）じゃない？
B：そうだね。",ぴったり,,漢字の読みを入力してください,Text
（）コンのチャイムが鳴ると、学生は急いで席についた。,きんこんかん,,漢字の読みを入力してください,Text
浮き輪で（）しながら空をぼーっと眺めていたいなぁ。,プカプカ,,漢字の読みを入力してください,Text
彼は上司のことでさっきから（）と文句を言っている。,ぶつぶつ,,漢字の読みを入力してください,Text
彼は車にはねられたのに、怪我もなく（）しています。,ぴんぴん,,漢字の読みを入力してください,Text
彼は仕事を（）とこなすので、上司からの評価も良い。,てきぱき,,漢字の読みを入力してください,Text
彼が着ているコート、（）でちょっとかっこ悪いよね。,ぶかぶか,,漢字の読みを入力してください,Text
突然、雨が降ってきて服が（）（ずぶ濡れ）になった。,ずぶずぶ,,漢字の読みを入力してください,Text
同僚はいつも作業が（）で、見ているとイライラする。,のろのろ,,漢字の読みを入力してください,Text
庭の手入れをしていたら、何かの幼虫が（）出てきた。,うじゃうじゃ,,漢字の読みを入力してください,Text
息子は今日、面接があるそうで、朝から（）している。,そわそわ,,漢字の読みを入力してください,Text
窓から入ってきた風で、部屋のドアが（）と閉まった。,ばたん,,漢字の読みを入力してください,Text
人前で話すことに慣れていなくて、（）してしまった。,おどおど,,漢字の読みを入力してください,Text
私はガリガリよりも（）とした体型の方がタイプです。,むちむち,,漢字の読みを入力してください,Text
私の家は見た目は（）ですが、中はとても綺麗ですよ。,ぼろぼろ,,漢字の読みを入力してください,Text
最近、何をやってもうまくいかなくて本当に（）する。,いらいら,,漢字の読みを入力してください,Text
久しぶりに体を動かしたので、翌日体が（）になった。,ばきばき,,漢字の読みを入力してください,Text
怪しい男がコンビニでバットを（）と振り回している。,ぶんぶん,,漢字の読みを入力してください,Text
ラッパーの人って、どうしてよく（）の服を着てるの？,だぼだぼ,,漢字の読みを入力してください,Text
ベランダを掃除していたら、虫が（）出てきで叫んだ。,うじゃうじゃ,,漢字の読みを入力してください,Text
サッカーの試合に負けて子供たちは（）と泣いていた。,えーんえーん,,漢字の読みを入力してください,Text
Tシャツについた汚れを落とすために、（）と洗った。,じゃぶじゃぶ,,漢字の読みを入力してください,Text
（）テレビを見ていたら、いつの間にか寝てしまった。,ぼうっと,,漢字の読みを入力してください,Text
野菜を切ると、（）した虫が出てきて思わず叫んだ。,にょろにょろ,,漢字の読みを入力してください,Text
毎日育児と家事だけで１日が終わり、夜は（）です。,くたくた,,漢字の読みを入力してください,Text
父はここ最近、よく（）と咳をしているので心配だ。,ごほごほ,,漢字の読みを入力してください,Text
夫は今日、何かいいことがあったのか（）している。,うきうき,,漢字の読みを入力してください,Text
疲れていたせいで、電車の中で、（）してしまった。,うとうと,,漢字の読みを入力してください,Text
彼の話し方や態度は、よく周りの人を（）させます。,いらいら,,漢字の読みを入力してください,Text
投げたボールが当たって、窓ガラスが（）と割れた。,ぱりん,,漢字の読みを入力してください,Text
男の子はキャンディーを（）と口の中に放り込んだ。,ぽいっ,,漢字の読みを入力してください,Text
息子は大学を卒業しても、就職せずに（）している。,ぶらぶら,,漢字の読みを入力してください,Text
息子は小学校に入学したばかりで、（）の一年生だ。,ぴかぴか,,漢字の読みを入力してください,Text
息子がおしっこを我慢しているのか、（）している。,もじもじ,,漢字の読みを入力してください,Text
親父は（）体型なので、もっと運動したほうがいい。,ひょろひょろ,,漢字の読みを入力してください,Text
焼き芋、買ったばかりだから（）してて美味しいよ。,ホクホク,,漢字の読みを入力してください,Text
車を運転中、突然子供が飛び出してきて（）とした。,びくっ,,漢字の読みを入力してください,Text
傘を忘れてしまったので、（）になりながら帰った。,びしょびしょ,,漢字の読みを入力してください,Text
休日にも関わらず、電車は人が少なく、（）だった。,すかすか,,漢字の読みを入力してください,Text
飲みに誘おうとしたが、彼は（）と帰ってしまった。,すたすた,,漢字の読みを入力してください,Text
パーティーで、突然スピーチを求められて（）した。,あたふた,,漢字の読みを入力してください,Text
サーカスの綱渡りを見ていて、とても（）しました。,はらはら,,漢字の読みを入力してください,Text
コンサートのチケット、完売で買えなかった。（）。,ぴえん,,漢字の読みを入力してください,Text
このシャンプーを使うと、髪が（）になるそうです。,つやつや,,漢字の読みを入力してください,Text
コーラやスプライトのような（）の飲み物は苦手だ。,しゅわしゅわ,,漢字の読みを入力してください,Text
インターネットで買った靴、サイズが合わず（）だ。,ぶかぶか,,漢字の読みを入力してください,Text
（）のチャイムが鳴ると、学生は急いで席についた。,きんこんかんこん,,漢字の読みを入力してください,Text
（）お肌を手に入れるためにエステに通っています。,つるつる,,漢字の読みを入力してください,Text
母は５０代ですが、私と同じぐらい肌が（）です。,つやつや,,漢字の読みを入力してください,Text
彼は誰も解けなかった問題を（）と解いてみせた。,すらすら,,漢字の読みを入力してください,Text
彼は大学を卒業しても、就職せずに（）している。,ふらふら,,漢字の読みを入力してください,Text
彼とけんかして以来、（）した関係が続いている。,ぎすぎす,,漢字の読みを入力してください,Text
二人は付き合ったばかりとあって、とても（）だ。,あつあつ,,漢字の読みを入力してください,Text
突然、外国人に道を聞かれて、（）してしまった。,おどおど,,漢字の読みを入力してください,Text
定時になったが、まだまだ仕事が（）残っている。,たっぷり,,漢字の読みを入力してください,Text
朝から何も食べてないから、もうお腹が（）だよ。,ぺこぺこ,,漢字の読みを入力してください,Text
誰かに見られている感じがして、怖くて（）した。,ぞくぞく,,漢字の読みを入力してください,Text
前の車が（）と走っているせいで、全然進まない。,とろとろ,,漢字の読みを入力してください,Text
上司は怒っている時、いつも同じことを（）言う。,くどくど,,漢字の読みを入力してください,Text
時間はまだ（）ありますから、安心してください。,たっぷり,,漢字の読みを入力してください,Text
今日は予定もなかったので、家で（）と過ごした。,だらだら,,漢字の読みを入力してください,Text
今日は一日中、忙しくてずっと（）していました。,ばたばた,,漢字の読みを入力してください,Text
今週は毎日、夜遅くまで残業したので、（）です。,くたくた,,漢字の読みを入力してください,Text
具材を鍋に入れたら、あとは（）煮込むだけです。,ことこと,,漢字の読みを入力してください,Text
ボディービルダーは（）の体を観客に見せつけた。,むきむき,,漢字の読みを入力してください,Text
ボクサーは相手のパンチを受けて、（）している。,よろよろ,,漢字の読みを入力してください,Text
はーい、みんな写真撮るよー。もっと（）してー。,にこにこ,,漢字の読みを入力してください,Text
なんだか、誰かに（）見られている気がして怖い。,じろじろ,,漢字の読みを入力してください,Text
ドラマの最後のシーン、感動して（）しちゃった。,うるうる,,漢字の読みを入力してください,Text
どうしたの（）して？ 何か良いことでもあった？,にこにこ,,漢字の読みを入力してください,Text
テストの点が悪かったので、母から（）言われた。,がみがみ,,漢字の読みを入力してください,Text
その（）のセーターかわいいね。どこで買ったの？,もこもこ,,漢字の読みを入力してください,Text
このクリームを使うと、肌が（）になるらしいよ。,すべすべ,,漢字の読みを入力してください,Text
カバンの底に、（）になったお菓子が残っていた。,粉々,,漢字の読みを入力してください,Text
カクテルのシェーカーを（）振る姿がかっこいい。,しゃかしゃか,,漢字の読みを入力してください,Text
おじいちゃんは、７０歳なのに、髪の毛が（）だ。,ふさふさ,,漢字の読みを入力してください,Text
オクラは少し（）するから苦手だという人もいる。,ねばねば,,漢字の読みを入力してください,Text
あー、あの二人、授業中なのに（）するなよなぁ。,いちゃいちゃ,,漢字の読みを入力してください,Text
AGA治療を１年続けた結果、髪が（）になった。,ふさふさ,,漢字の読みを入力してください,Text
隣の席でキーボードを（）と打つ音がうるさい。,かたかた,,漢字の読みを入力してください,Text
明日から大学生活が始まるのか。（）するなぁ。,わくわく,,漢字の読みを入力してください,Text
僕のラジコンカーが車に轢かれて（）になった。,ぺちゃんこ,,漢字の読みを入力してください,Text
部長が（）に怒ってたけど、何かやらかしたの？,かんかん,,漢字の読みを入力してください,Text
彼女はお化けを見たそうで、（）と震えていた。,びくびく,,漢字の読みを入力してください,Text
彼はクラスで一番背が高いが、（）で弱そうだ。,ひょろひょろ,,漢字の読みを入力してください,Text
髪短くしたんだね。（）してていいんじゃない。,さっぱり,,漢字の読みを入力してください,Text
太陽が焼けつくような暑さで（）と照りつける。,じりじり,,漢字の読みを入力してください,Text
息子はオムライスにケチャップを（）とかけた。,どばどば,,漢字の読みを入力してください,Text
女の子たちは彼の姿を見て、（）と笑っていた。,くすくす,,漢字の読みを入力してください,Text
車内でカップルが人目を気にせず（）している。,べたべた,,漢字の読みを入力してください,Text
試写会が終わった後、観客が（）と拍手をした。,ぱちぱち,,漢字の読みを入力してください,Text
子供たちは遊び疲れて、（）と眠ってしまった。,すやすや,,漢字の読みを入力してください,Text
子供たちはもう寝ていたので、（）部屋を出た。,そっと,,漢字の読みを入力してください,Text
子供たちに、（）と頬ずりをすると嫌がられる。,じょりじょり,,漢字の読みを入力してください,Text
子供がソファーの上で（）と跳ねて遊んでいる。,ぴょんぴょん,,漢字の読みを入力してください,Text
昨日のデートを思い出して、（）してしまった。,にやにや,,漢字の読みを入力してください,Text
今日はたくさん運動したから、（）寝られそう。,ぐっすり,,漢字の読みを入力してください,Text
今、（）曇っているので、外出はやめておこう。,どんより,,漢字の読みを入力してください,Text
犬はお腹が空いていたのか、（）と食べている。,がつがつ,,漢字の読みを入力してください,Text
軽井沢は夏でも空気が（）してて気持ちがいい。,ひんやり,,漢字の読みを入力してください,Text
夏の暑い日は、（）したものが食べたくなるね。,さっぱり,,漢字の読みを入力してください,Text
ラーメンはあっさりより（）のほうが好きです。,こってり,,漢字の読みを入力してください,Text
まだ雨が（）だから、今のうちに急いで帰ろう。,ぱらぱら,,漢字の読みを入力してください,Text
なんだか喉が（）する。風邪でも引いたのかな。,いがいが,,漢字の読みを入力してください,Text
どこかで（）と鉄砲を打つような音が聞こえた。,ぱんぱん,,漢字の読みを入力してください,Text
サーカスの象が観客の前で（）と鳴いてみせた。,パオーン,,漢字の読みを入力してください,Text
この映画のラストシーン、すごく（）しました。,はらはら,,漢字の読みを入力してください,Text
このお店のパンケーキ、とっても（）なんだよ。,ふわふわ,,漢字の読みを入力してください,Text
ここ数ヶ月、トムさんの成績は（）伸びている。,ぐんぐん,,漢字の読みを入力してください,Text
ここの吹き出しを（）のものに変更してくれる？,ぎざぎざ,,漢字の読みを入力してください,Text
いらない本や家具を捨てたら、部屋が（）した。,すっきり,,漢字の読みを入力してください,Text
あーマクドナルドの（）ポテトが食べたいなあ。,しゃかしゃか,,漢字の読みを入力してください,Text
（）しながら、好きな人に今の気持ちを伝えた。,どきどき,,漢字の読みを入力してください,Text
（）して寝苦しかったから、エアコンをつけた。,むしむし,,漢字の読みを入力してください,Text
（）してて、今日テストがあることを忘れてた。,うっかり,,漢字の読みを入力してください,Text
（）した物ばかり食べてると健康によくないよ。,こってり,,漢字の読みを入力してください,Text
友達は漫画を読みながら、（）と笑っている。,くすくす,,漢字の読みを入力してください,Text
彼は毎日ジムで体を鍛えているので、（）だ。,むきむき,,漢字の読みを入力してください,Text
彼はその知らせを聞いて、（）と崩れ落ちた。,へなへな,,漢字の読みを入力してください,Text
彼はすぐに人の秘密を（）と話すので嫌いだ。,ぺらぺら,,漢字の読みを入力してください,Text
彼、なんか（）してるね。何かあったのかな。,ぷんぷん,,漢字の読みを入力してください,Text
髪をきちんと手入れしていないので、（）だ。,ぼさぼさ,,漢字の読みを入力してください,Text
湯船に浸かりすぎて、手の指が（）になった。,しわしわ,,漢字の読みを入力してください,Text
怒った妻はドアを（）と閉めて、出ていった。,ばたん,,漢字の読みを入力してください,Text
台風が近づいていて、風が（）と吹いている。,びゅうびゅう,,漢字の読みを入力してください,Text
息子はテーブルに頭を（）とぶつけて泣いた。,ごつん,,漢字の読みを入力してください,Text
走り終えたあと、しばらく膝が（）していた。,がくがく,,漢字の読みを入力してください,Text
祖父は９０歳だが、まだまだ（）しています。,ぴんぴん,,漢字の読みを入力してください,Text
洗濯機を回すと（）と音がなる。故障かなぁ。,からから,,漢字の読みを入力してください,Text
整理整頓が苦手な彼の机の中はいつも（）だ。,ぐちゃぐちゃ,,漢字の読みを入力してください,Text
昨日は大学の時の友達と（）おしゃべりした。,わいわい,,漢字の読みを入力してください,Text
今日はワイワイ、（）、楽しくやりましょう！,がやがや,,漢字の読みを入力してください,Text
工場の煙突から（）と煙が立ちのぼっている。,もくもく,,漢字の読みを入力してください,Text
犬が餌を探して、地面を（）かぎ回っている。,くんくん,,漢字の読みを入力してください,Text
去年に買ったスカート、もう（）ではけない。,ぴちぴち,,漢字の読みを入力してください,Text
救助された犬は怖かったのか（）震えていた。,ぶるぶる,,漢字の読みを入力してください,Text
乾杯が終わると、彼は（）とビールを飲んだ。,ぐびぐび,,漢字の読みを入力してください,Text
やだ。背中にニキビのような（）が出来てる。,ぶつぶつ,,漢字の読みを入力してください,Text
もうお腹（）で、これ以上は食べられません。,ぱんぱん,,漢字の読みを入力してください,Text
トイレの場所がわからず、（）していました。,うろうろ,,漢字の読みを入力してください,Text
テスト中にお腹が（）鳴って恥ずかしかった。,ぐうぐう,,漢字の読みを入力してください,Text
ステーキが鉄板の上で（）と音を立てている。,じゅうじゅう,,漢字の読みを入力してください,Text
さっき転んで擦りむいたところが（）と痛い。,ひりひり,,漢字の読みを入力してください,Text
この靴はもう（）だから新しいの買わなきゃ。,きつきつ,,漢字の読みを入力してください,Text
この（）の部屋は何！ちゃんと掃除しなさい。,ぐちゃぐちゃ,,漢字の読みを入力してください,Text
グラスがテーブルから落ちて、（）に割れた。,粉々,,漢字の読みを入力してください,Text
お酒がグラスに（）に注がれて運ばれてきた。,なみなみ,,漢字の読みを入力してください,Text
お気に入りのTシャツ、もう（）で着れない。,ぴちぴち,,漢字の読みを入力してください,Text
あー、今日はクリスマスなのにバイト。（）。,ぴえん,,漢字の読みを入力してください,Text
（）のおじいさんが危なげに道を歩いている。,よぼよぼ,,漢字の読みを入力してください,Text
（）と同じことを何度も言われると腹が立つ。,くどくど,,漢字の読みを入力してください,Text
（）、友達の秘密を他の人に話してしまった。,うっかり,,漢字の読みを入力してください,Text
毎日スケジュールが（）で、休む暇もない。,きつきつ,,漢字の読みを入力してください,Text
彼は後輩の女の子に頼られて（）している。,でれでれ,,漢字の読みを入力してください,Text
朝目が覚めると、汗でシャツが（）だった。,びしょびしょ,,漢字の読みを入力してください,Text
村田くんは（）だから、もっと食べないと。,がりがり,,漢字の読みを入力してください,Text
息子は明日の遠足が楽しみで（）している。,うきうき,,漢字の読みを入力してください,Text
息子は大きな病気もせず、（）育っている。,すくすく,,漢字の読みを入力してください,Text
息子はヨーグルトの蓋の裏を（）と舐めた。,ぺろぺろ,,漢字の読みを入力してください,Text
人前で（）するカップルをどう思いますか。,いちゃいちゃ,,漢字の読みを入力してください,Text
自転車のブレーキが（）うるさくて不快だ。,きいきい,,漢字の読みを入力してください,Text
私が転んだのを見て、友達は（）と笑った。,げらげら,,漢字の読みを入力してください,Text
姉はテレビを見ながら、（）と笑っている。,げらげら,,漢字の読みを入力してください,Text
山頂は空気が（）してて気持ちがよかった。,ひんやり,,漢字の読みを入力してください,Text
久々に運動したら、１０分で（）になった。,へとへと,,漢字の読みを入力してください,Text
海にたくさんのゴミが（）と浮かんでいた。,プカプカ,,漢字の読みを入力してください,Text
何、（）してるんだ。しっかり働きなさい。,ぼうっと,,漢字の読みを入力してください,Text
屋根裏からネズミの（）鳴く声が聞こえる。,ちゅうちゅう,,漢字の読みを入力してください,Text
雨が（）降ってきたから急いで帰らないと。,ぽつぽつ,,漢字の読みを入力してください,Text
レポート提出の締め切りに（）間に合った。,ぎりぎり,,漢字の読みを入力してください,Text
この食パン、とても（）してて美味しいよ。,ふっくら,,漢字の読みを入力してください,Text
この（）のダウンジャケットすごく温かい。,もこもこ,,漢字の読みを入力してください,Text
グラスがテーブルから落ちて（）と割れた。,ぱりん,,漢字の読みを入力してください,Text
（）汚れもこれを使えば綺麗に落とせます。,ぎとぎと,,漢字の読みを入力してください,Text
（）と音を立てて食べるのは良くないです。,くちゃくちゃ,,漢字の読みを入力してください,Text
（）してて、薬を飲むのを忘れてしまった。,うっかり,,漢字の読みを入力してください,Text
遊んでいる時に怪我した指が（）と痛む。,ずきずき,,漢字の読みを入力してください,Text
毎日、残業ばかりで、もう身体が（）だ。,ぼろぼろ,,漢字の読みを入力してください,Text
彼女の話になると、彼はいつも（）する。,にやにや,,漢字の読みを入力してください,Text
彼の言っていることは、（）わからない。,さっぱり,,漢字の読みを入力してください,Text
動物園の象がりんごを（）と食べている。,むしゃむしゃ,,漢字の読みを入力してください,Text
田中さんの答え、全ぶあってて（）だね。,ばっちり,,漢字の読みを入力してください,Text
息子の卒業式で思わず（）してしまった。,うるうる,,漢字の読みを入力してください,Text
走ったおかげで、終電に（）間に合った。,ぎりぎり,,漢字の読みを入力してください,Text
蛇のような（）した生き物が大嫌いです。,にょろにょろ,,漢字の読みを入力してください,Text
昨日飲み過ぎたせいか、頭が（）と痛む。,がんがん,,漢字の読みを入力してください,Text
今日は朝からずっと忙しくて、もう（）。,へとへと,,漢字の読みを入力してください,Text
見て！カメレオンが、目を（）させてる。,ぎょろぎょろ,,漢字の読みを入力してください,Text
兄は育ち盛りで、毎日ご飯を（）食べる。,もりもり,,漢字の読みを入力してください,Text
居酒屋は、（）と活気があるので好きだ。,がやがや,,漢字の読みを入力してください,Text
ボクシングの試合で相手に（）にされた。,ぼこぼこ,,漢字の読みを入力してください,Text
ティッシュボックスを（）にして捨てた。,ぺちゃんこ,,漢字の読みを入力してください,Text
ちゃんと（）してからごっくんするのよ。,もぐもぐ,,漢字の読みを入力してください,Text
スマホを落として、画面が（）になった。,ばきばき,,漢字の読みを入力してください,Text
シャンプーのボトルの底が（）している。,ぬるぬる,,漢字の読みを入力してください,Text
サボテンのとげが刺さって、（）します。,ちくちく,,漢字の読みを入力してください,Text
この道は（）しているので、走りにくい。,でこぼこ,,漢字の読みを入力してください,Text
こたつに入ると、（）して気持ちがいい。,ぽかぽか,,漢字の読みを入力してください,Text
グラビア雑誌を見て、（）してしまった。,むらむら,,漢字の読みを入力してください,Text
あー、何か（）する。熱でもあるのかな。,ふらふら,,漢字の読みを入力してください,Text
（）しないで、まっすぐ前を向きなさい。,きょろきょろ,,漢字の読みを入力してください,Text
（）した味付けなので、食べやすいです。,あっさり,,漢字の読みを入力してください,Text
爬虫類の、あの（）した目が苦手です。,ぎょろぎょろ,,漢字の読みを入力してください,Text
旅行バッグに荷物を（）に詰め込んだ。,ぎゅうぎゅう,,漢字の読みを入力してください,Text
友達はお酒を飲みすぎて（）になった。,べろべろ,,漢字の読みを入力してください,Text
毎朝、鶏の（）の鳴き声で目が覚める。,コケコッコー,,漢字の読みを入力してください,Text
夫の靴下から（）と強烈な臭いがする。,ぷーん,,漢字の読みを入力してください,Text
彼は（）と口を開けて話を聞いていた。,ぽかん,,漢字の読みを入力してください,Text
地震で机やタンスが（）と揺れている。,がたがた,,漢字の読みを入力してください,Text
炊き立てのご飯は（）してて美味しい。,ふっくら,,漢字の読みを入力してください,Text
寝室から（）と泣く声が聞こえてくる。,おぎゃあ,,漢字の読みを入力してください,Text
出来立てで熱いから（）して食べてね。,ふうふう,,漢字の読みを入力してください,Text
昨日は１日中、家で（）していました。,ごろごろ,,漢字の読みを入力してください,Text
今は（）したものが食べたい気分です。,あっさり,,漢字の読みを入力してください,Text
急に友達が家を訪ねてきて、（）した。,あたふた,,漢字の読みを入力してください,Text
汽車が（）と煙を上げて、走っている。,もくもく,,漢字の読みを入力してください,Text
温泉に入ると、（）して気持ちがいい。,ぽかぽか,,漢字の読みを入力してください,Text
リーさんっていつも（）しているよね。,にこにこ,,漢字の読みを入力してください,Text
みんなの意見が（）で、結論が出ない。,ばらばら,,漢字の読みを入力してください,Text
ニキビを潰したら、肌が（）になった。,ぼこぼこ,,漢字の読みを入力してください,Text
テストで０点だったので、母は（）だ。,かんかん,,漢字の読みを入力してください,Text
ちょっと、袖を（）引っ張らないでよ。,ぐいぐい,,漢字の読みを入力してください,Text
スープは熱いから（）して食べるのよ。,ふうふう,,漢字の読みを入力してください,Text
この料理は（）と辛くて箸が進みます。,ぴりっ,,漢字の読みを入力してください,Text
このソファ、（）で座り心地がいいね。,ふかふか,,漢字の読みを入力してください,Text
このオムライス、卵が（）で美味しい。,ふわふわ,,漢字の読みを入力してください,Text
この（）の線に沿って切ってください。,ぎざぎざ,,漢字の読みを入力してください,Text
カラオケで歌すぎて、（）声になった。,がらがら,,漢字の読みを入力してください,Text
カバンに物を詰めすぎて（）になった。,ぱんぱん,,漢字の読みを入力してください,Text
おじいちゃんの手は少し（）している。,ざらざら,,漢字の読みを入力してください,Text
（）と心地よい風が、私の頬を撫でる。,そよそよ,,漢字の読みを入力してください,Text
明日は合格発表日か。（）するなぁ。,どきどき,,漢字の読みを入力してください,Text
彼は自分の頭を（）と叩いています。,ぽかぽか,,漢字の読みを入力してください,Text
彼はいつも（）のシャツを着ている。,よれよれ,,漢字の読みを入力してください,Text
彼はいつも（）してて、気持ち悪い。,にやにや,,漢字の読みを入力してください,Text
庭から（）と木を切る音が聞こえる。,ぎこぎこ,,漢字の読みを入力してください,Text
先生に聞こえないように（）と話す。,ひそひそ,,漢字の読みを入力してください,Text
焼き立ての魚は身が（）で美味しい。,ホクホク,,漢字の読みを入力してください,Text
子猫が（）鳴きながら近寄ってきた。,ニャー,,漢字の読みを入力してください,Text
今日はいつもより（）していますね。,むしむし,,漢字の読みを入力してください,Text
今日は（）した天気で気持ちがいい。,ぽかぽか,,漢字の読みを入力してください,Text
強い風のせいで、髪が（）になった。,ぼさぼさ,,漢字の読みを入力してください,Text
巨大な（）したモンスターが現れた。,ぬめぬめ,,漢字の読みを入力してください,Text
起きたばかりなので、髪が（）です。,ぼさぼさ,,漢字の読みを入力してください,Text
缶の蓋を開けると、（）と音がした。,ぷしゅっ,,漢字の読みを入力してください,Text
リスがも（）と木の実を食べている。,もぐもぐ,,漢字の読みを入力してください,Text
パンダが笹の葉を（）と食べている。,むしゃむしゃ,,漢字の読みを入力してください,Text
となり町から（）と歩いてきました。,てくてく,,漢字の読みを入力してください,Text
そんなところで、（）何やってんの？,こそこそ,,漢字の読みを入力してください,Text
その男は道端でゴミを（）と捨てた。,ぽいっ,,漢字の読みを入力してください,Text
スープを飲むと、体が（）しますよ。,ぽかぽか,,漢字の読みを入力してください,Text
スーパーで会社の同僚に（）会った。,ばったり,,漢字の読みを入力してください,Text
シャツが（）でボタンが留まらない。,ぴちぴち,,漢字の読みを入力してください,Text
このドーナツ、（）してて美味しい。,もちもち,,漢字の読みを入力してください,Text
キャベツが（）してて美味しいです。,しゃきしゃき,,漢字の読みを入力してください,Text
ウグイスの（）と鳴く声が聞こえる。,ホーホケキョ,,漢字の読みを入力してください,Text
あー、鼻が（）する。花粉症かなあ。,むずむず,,漢字の読みを入力してください,Text
（）の鉄の線を有刺鉄線と言います。,とげとげ,,漢字の読みを入力してください,Text
（）のうちに召し上がってください。,あつあつ,,漢字の読みを入力してください,Text
目覚まし時計が（）と鳴っている。,りんりん,,漢字の読みを入力してください,Text
保護された犬は（）に痩せていた。,がりがり,,漢字の読みを入力してください,Text
彼女の髪はいつも（）で羨ましい。,さらさら,,漢字の読みを入力してください,Text
彼はいつもジェシカさんに（）だ。,めろめろ,,漢字の読みを入力してください,Text
彼はいつも（）した話ばかりする。,じめじめ,,漢字の読みを入力してください,Text
彼は（）で、見ていて心配になる。,がりがり,,漢字の読みを入力してください,Text
彼の手は大きくて、（）している。,ごつごつ,,漢字の読みを入力してください,Text
彼と話すと、いつも胸が（）する。,どきどき,,漢字の読みを入力してください,Text
排水口からきつい臭いが（）する。,ぷんぷん,,漢字の読みを入力してください,Text
田中さん、お父さんと（）ですね。,そっくり,,漢字の読みを入力してください,Text
朝の電車は人がいっぱいで（）だ。,ぎゅうぎゅう,,漢字の読みを入力してください,Text
息子が転んで、（）と泣いている。,えーんえーん,,漢字の読みを入力してください,Text
赤ちゃん、（）太ってて可愛いね。,まるまる,,漢字の読みを入力してください,Text
人の顔を（）と見るのは失礼だよ。,じろじろ,,漢字の読みを入力してください,Text
蛇やミミズの体は（）しています。,くねくね,,漢字の読みを入力してください,Text
歯が（）して、今にも抜けそうだ。,ぐらぐら,,漢字の読みを入力してください,Text
桜の花びらが（）と舞っています。,ひらひら,,漢字の読みを入力してください,Text
今日は風が（）としてて心地よい。,ひんやり,,漢字の読みを入力してください,Text
今日は体調が悪く、頭も（）する。,がんがん,,漢字の読みを入力してください,Text
外では強い風が（）と吹いている。,びゅうびゅう,,漢字の読みを入力してください,Text
愛犬が雷に怯えて、（）している。,びくびく,,漢字の読みを入力してください,Text
もっと（）と動いて掃除しなさい！,てきぱき,,漢字の読みを入力してください,Text
どうしてなめくじは（）してるの？,ぬめぬめ,,漢字の読みを入力してください,Text
その男性は味噌汁を（）と飲んだ。,ずるずる,,漢字の読みを入力してください,Text
この野菜は新鮮で（）しています。,しゃきしゃき,,漢字の読みを入力してください,Text
この布団は（）して気持ちがいい。,ふかふか,,漢字の読みを入力してください,Text
この紙は裏面が少し（）している。,ざらざら,,漢字の読みを入力してください,Text
この子猫、（）しててかわいいね。,ころころ,,漢字の読みを入力してください,Text
このエビ、（）してて美味しいよ。,ぷりぷり,,漢字の読みを入力してください,Text
キャンディーを（）と舐めている。,ぺろぺろ,,漢字の読みを入力してください,Text
キツネが遠くで（）と鳴いている。,こんこん,,漢字の読みを入力してください,Text
カメラの（）という音が好きです。,パシャッ,,漢字の読みを入力してください,Text
ウナギは（）していて掴みにくい。,ぬるぬる,,漢字の読みを入力してください,Text
（）してると電車に乗り遅れるよ。,もたもた,,漢字の読みを入力してください,Text
餃子は（）に焼いた方が好きだ。,かりかり,,漢字の読みを入力してください,Text
薔薇の（）が手に刺さって痛い。,とげとげ,,漢字の読みを入力してください,Text
檻の中の猿が（）と鳴いている。,ウキーウキー,,漢字の読みを入力してください,Text
彼は背中を（）とかいています。,ぼりぼり,,漢字の読みを入力してください,Text
彼はクラスのみんなから（）だ。,もてもて,,漢字の読みを入力してください,Text
彼のカバンの中はいつも（）だ。,ぐちゃぐちゃ,,漢字の読みを入力してください,Text
彼から怪しいにおいが（）する。,ぷんぷん,,漢字の読みを入力してください,Text
日焼けしたところが（）と痛む。,ひりひり,,漢字の読みを入力してください,Text
怒った先生は机を（）と叩いた。,ばんばん,,漢字の読みを入力してください,Text
泥の中に（）と足が入っていく。,ずぶずぶ,,漢字の読みを入力してください,Text
釣り竿を（）と引っ張っている。,ぐいぐい,,漢字の読みを入力してください,Text
池から（）という音が聞こえた。,ぽちゃん,,漢字の読みを入力してください,Text
地震でビルが（）と揺れている。,ぐらぐら,,漢字の読みを入力してください,Text
祖母が煎餅を（）と食べている。,ぼりぼり,,漢字の読みを入力してください,Text
雪で道が（）だから気をつけて。,ぐちゃぐちゃ,,漢字の読みを入力してください,Text
赤ちゃんが手足を（）している。,ばたばた,,漢字の読みを入力してください,Text
寝不足のせいか、頭が（）する。,がんがん,,漢字の読みを入力してください,Text
首を曲げたら（）て音が鳴った。,ぐきっ,,漢字の読みを入力してください,Text
蛇口から水が（）と落ちている。,ぽたぽた,,漢字の読みを入力してください,Text
蛇は（）と音を立てて威嚇した。,シュー,,漢字の読みを入力してください,Text
子供がおもちゃを（）に壊した。,ばきばき,,漢字の読みを入力してください,Text
妻が（）と嫌味を言ってきます。,ちくちく,,漢字の読みを入力してください,Text
今日は楽しく（）やりましょう！,わいわい,,漢字の読みを入力してください,Text
今日は（）した天気で嫌だなあ。,じめじめ,,漢字の読みを入力してください,Text
魚が跳ねて（）という音がした。,ぽちゃん,,漢字の読みを入力してください,Text
帰宅途中、雨が（）降ってきた。,ざあざあ,,漢字の読みを入力してください,Text
会議中につい（）してしまった。,うとうと,,漢字の読みを入力してください,Text
何、（）走ってんだ！,とろとろ,,漢字の読みを入力してください,Text
一晩（）眠ったら元気になった。,ぐっすり,,漢字の読みを入力してください,Text
もうこの服、（）で着れないわ。,きつきつ,,漢字の読みを入力してください,Text
もう（）でこれ以上歩けないよ。,へとへと,,漢字の読みを入力してください,Text
ビーフシチューを（）と煮込む。,ぐつぐつ,,漢字の読みを入力してください,Text
なんだか、背中が（）とかゆい。,むずむず,,漢字の読みを入力してください,Text
シェフが肉を（）と焼いている。,じゅうじゅう,,漢字の読みを入力してください,Text
コロナのせいで、店は（）です。,がらがら,,漢字の読みを入力してください,Text
この資料、ページが（）ですよ。,ばらばら,,漢字の読みを入力してください,Text
カンガルーが（）と跳ねている。,ぴょんぴょん,,漢字の読みを入力してください,Text
（）に冷えたビールは美味しい。,きんきん,,漢字の読みを入力してください,Text
夫は（）になって帰ってきた。,べろべろ,,漢字の読みを入力してください,Text
悲しくて、涙が（）出てくる。,どばどば,,漢字の読みを入力してください,Text
彼は頭を（）とかいています。,ぼりぼり,,漢字の読みを入力してください,Text
日本の夏は（）してて嫌いだ。,むしむし,,漢字の読みを入力してください,Text
二人は（）と何か話していた。,ひそひそ,,漢字の読みを入力してください,Text
転んでできた傷が（）と痛む。,じんじん,,漢字の読みを入力してください,Text
誰かがドアを（）叩いている。,どんどん,,漢字の読みを入力してください,Text
息子の寝顔を（）と見つめた。,まじまじ,,漢字の読みを入力してください,Text
赤ちゃんが（）と眠っている。,すやすや,,漢字の読みを入力してください,Text
寝不足のせいか頭が（）する。,くらくら,,漢字の読みを入力してください,Text
象が大きな声で（）と鳴いた。,パオーン,,漢字の読みを入力してください,Text
暑すぎて、もう喉が（）です。,からから,,漢字の読みを入力してください,Text
私は（）来る男性が苦手です。,ぐいぐい,,漢字の読みを入力してください,Text
私の髪が（）なのは天然です。,もじゃもじゃ,,漢字の読みを入力してください,Text
子供たちが（）と泳いでいる。,ばしゃばしゃ,,漢字の読みを入力してください,Text
契約の話が（）とまとまった。,すらすら,,漢字の読みを入力してください,Text
何、俺のこと（）見てんだよ。,じろじろ,,漢字の読みを入力してください,Text
マラカスを（）と振っている。,しゃかしゃか,,漢字の読みを入力してください,Text
フクロウが（）と鳴いている。,ホーホー,,漢字の読みを入力してください,Text
パソコンを（）に解体します。,ばらばら,,漢字の読みを入力してください,Text
ノコギリで（）と木を切った。,ぎこぎこ,,漢字の読みを入力してください,Text
この猫は（）してて、可愛い。,ふわふわ,,漢字の読みを入力してください,Text
この猫、（）太ってて可愛い。,まるまる,,漢字の読みを入力してください,Text
この時間帯の電車は（）です。,がらがら,,漢字の読みを入力してください,Text
お腹が（）で、何もできない。,ぺこぺこ,,漢字の読みを入力してください,Text
おばあちゃんの肩を（）した。,もみもみ,,漢字の読みを入力してください,Text
（）してると、置いていくよ。,もたもた,,漢字の読みを入力してください,Text
薬のせいで、頭が（）する。,ぼうっと,,漢字の読みを入力してください,Text
明日の遠足、（）するなー。,わくわく,,漢字の読みを入力してください,Text
風で窓が（）と揺れている。,がたがた,,漢字の読みを入力してください,Text
父が髭を（）と剃っている。,じょりじょり,,漢字の読みを入力してください,Text
彼は彼女のほうを（）見た。,ちらっと,,漢字の読みを入力してください,Text
彼は英語と中国語が（）だ。,ぺらぺら,,漢字の読みを入力してください,Text
彼はとても（）しています。,ちゃらちゃら,,漢字の読みを入力してください,Text
彼は（）お金を持っている。,たっぷり,,漢字の読みを入力してください,Text
点線に沿って（）と切った。,ちょきちょき,,漢字の読みを入力してください,Text
団扇で（）とあおいでいる。,ぱたぱた,,漢字の読みを入力してください,Text
足を（）と捻ってしまった。,ぐきっ,,漢字の読みを入力してください,Text
息子が手を（）させている。,ぶらぶら,,漢字の読みを入力してください,Text
食べすぎて、胃が（）する。,むかむか,,漢字の読みを入力してください,Text
私は納豆の（）が苦手です。,ねばねば,,漢字の読みを入力してください,Text
私は（）した服が好きです。,だぼだぼ,,漢字の読みを入力してください,Text
災害で家族が（）になった。,ばらばら,,漢字の読みを入力してください,Text
犬が私の顔を（）を舐めた。,ぺろぺろ,,漢字の読みを入力してください,Text
筋肉（）の男性が好みです。,むきむき,,漢字の読みを入力してください,Text
ビールを（）と飲んでいる。,ごくごく,,漢字の読みを入力してください,Text
つくしが（）と生えている。,にょきにょき,,漢字の読みを入力してください,Text
チーズが（）と溶けている。,とろとろ,,漢字の読みを入力してください,Text
スズメが（）と鳴いている。,ちゅんちゅん,,漢字の読みを入力してください,Text
この猫、毛が（）で可愛い。,ふさふさ,,漢字の読みを入力してください,Text
キノコが（）と生えている。,にょきにょき,,漢字の読みを入力してください,Text
カラスが（）と鳴いている。,かあかあ,,漢字の読みを入力してください,Text
ウサギが（）と跳ねている。,ぴょんぴょん,,漢字の読みを入力してください,Text
（）のおでんいかがですか。,あつあつ,,漢字の読みを入力してください,Text
（）と腰を振って踊ります。,くねくね,,漢字の読みを入力してください,Text
（）とにおいを嗅いでいる。,くんくん,,漢字の読みを入力してください,Text
（）とドアのベルが鳴った。,ぴんぽん,,漢字の読みを入力してください,Text
（）とした道を進んでいく。,くねくね,,漢字の読みを入力してください,Text
彼は目を（）させている。,ぱちぱち,,漢字の読みを入力してください,Text
彼は絶対あなたに（）よ。,ぴったり,,漢字の読みを入力してください,Text
彼はお菓子を（）食べた。,ばくばく,,漢字の読みを入力してください,Text
電話が（）と鳴っている。,りんりん,,漢字の読みを入力してください,Text
舌が火傷して（）と痛む。,ひりひり,,漢字の読みを入力してください,Text
暑くてちょっと（）する。,くらくら,,漢字の読みを入力してください,Text
公園を（）と散歩します。,ぶらぶら,,漢字の読みを入力してください,Text
犬は暑さで（）している。,ぐったり,,漢字の読みを入力してください,Text
犬が（）吠えて眠れない。,わんわん,,漢字の読みを入力してください,Text
橋が（）揺れて怖いです。,ゆらゆら,,漢字の読みを入力してください,Text
恐怖で体が（）と震えた。,がたがた,,漢字の読みを入力してください,Text
駅まで（）と歩いていく。,てくてく,,漢字の読みを入力してください,Text
雨が（）と降っています。,ざあざあ,,漢字の読みを入力してください,Text
わさびで鼻が（）とした。,つーん,,漢字の読みを入力してください,Text
ロープで（）巻きにした。,ぐるぐる,,漢字の読みを入力してください,Text
ライオンが（）と吠える。,ガオー,,漢字の読みを入力してください,Text
ベーコンを（）に焼いた。,かりかり,,漢字の読みを入力してください,Text
パパの足、毛が（）だよ。,もじゃもじゃ,,漢字の読みを入力してください,Text
ハサミで紙を（）と切る。,ちょきちょき,,漢字の読みを入力してください,Text
トーストが（）に焼けた。,かりかり,,漢字の読みを入力してください,Text
ドアを（）とノックした。,こんこん,,漢字の読みを入力してください,Text
しもやけで指が（）する。,じんじん,,漢字の読みを入力してください,Text
（）と火花が散っている。,ばちばち,,漢字の読みを入力してください,Text
（）した男性は苦手です。,ちゃらちゃら,,漢字の読みを入力してください,Text
雷が（）と鳴っている。,ごろごろ,,漢字の読みを入力してください,Text
風が（）と吹いている。,そよそよ,,漢字の読みを入力してください,Text
父の肩を（）と叩いた。,とんとん,,漢字の読みを入力してください,Text
彼はいつも元気（）だ。,もりもり,,漢字の読みを入力してください,Text
爆弾が（）と爆発した。,どかん,,漢字の読みを入力してください,Text
猫が体を（）してくる。,すりすり,,漢字の読みを入力してください,Text
蝶が（）と飛んでいる。,ぱたぱた,,漢字の読みを入力してください,Text
息子のほっぺは（）だ。,ぷりぷり,,漢字の読みを入力してください,Text
船酔いで胸が（）する。,むかむか,,漢字の読みを入力してください,Text
洗車したので、（）だ。,ぴかぴか,,漢字の読みを入力してください,Text
赤ちゃんが（）と泣く。,おぎゃあ,,漢字の読みを入力してください,Text
"星が（）と輝いている。
続けて光りかがやくようす。",きらきら,,漢字の読みを入力してください,Text
"星が（）と輝いている。
つやがあって光り輝くさま。",ぴかぴか,,漢字の読みを入力してください,Text
水を（）と飲んでいる。,ごくごく,,漢字の読みを入力してください,Text
水が（）としか出ない。,ちょろちょろ,,漢字の読みを入力してください,Text
伸びた髪を（）と切る。,ちょきちょき,,漢字の読みを入力してください,Text
床が少し（）している。,ぬるぬる,,漢字の読みを入力してください,Text
私の先生は頭が（）だ。,つるつる,,漢字の読みを入力してください,Text
子供が（）と走り回る。,ちょろちょろ,,漢字の読みを入力してください,Text
子供が（）とうるさい。,きいきい,,漢字の読みを入力してください,Text
今日は（）した天気だ。,どんより,,漢字の読みを入力してください,Text
君は（）とよく喋るね。,ぺらぺら,,漢字の読みを入力してください,Text
空腹でお腹が（）鳴る。,ぐうぐう,,漢字の読みを入力してください,Text
教室が（）と騒がしい。,がやがや,,漢字の読みを入力してください,Text
気温が（）と上昇する。,ぐんぐん,,漢字の読みを入力してください,Text
温泉が（）とわき出る。,ぼこぼこ,,漢字の読みを入力してください,Text
"雨が（）と降ってきた。
①小つぶのものがまばらに続けて落ちてくる〈音／ようす〉。",ぱらぱら,,漢字の読みを入力してください,Text
"雨が（）と降ってきた。
①雨（のつぶ）が音をたてて降り始めるようす。",ぽつぽつ,,漢字の読みを入力してください,Text
雨が（）と降っている。,しとしと,,漢字の読みを入力してください,Text
（）拍子に話が進んだ。,とんとん,,漢字の読みを入力してください,Text
蜂が（）飛んでいる。,ぶんぶん,,漢字の読みを入力してください,Text
風邪で体が（）する。,ぞくぞく,,漢字の読みを入力してください,Text
彼は（）した性格だ。,じめじめ,,漢字の読みを入力してください,Text
二人の実力は（）だ。,とんとん,,漢字の読みを入力してください,Text
浅瀬を（）と歩いた。,じゃぶじゃぶ,,漢字の読みを入力してください,Text
終電逃したー。（）。,ぴえん,,漢字の読みを入力してください,Text
昨日は（）寝られた？,ぐっすり,,漢字の読みを入力してください,Text
今週は予定が（）だ。,ぎっしり,,漢字の読みを入力してください,Text
犬が（）と鳴いている,くんくん,,漢字の読みを入力してください,Text
緊張で胸が（）する。,どきどき,,漢字の読みを入力してください,Text
何、（）笑ってるの？,くすくす,,漢字の読みを入力してください,Text
まぶたが（）します。,ぴくぴく,,漢字の読みを入力してください,Text
ひよこが（）と鳴く。,ぴよぴよ,,漢字の読みを入力してください,Text
ネズミが（）と鳴く。,ちゅうちゅう,,漢字の読みを入力してください,Text
ドアを（）と叩いた。,とんとん,,漢字の読みを入力してください,Text
スープを（）煮込む。,ことこと,,漢字の読みを入力してください,Text
カエルが（）と鳴く。,けろけろ,,漢字の読みを入力してください,Text
アヒルが（）と鳴く。,ガーガー,,漢字の読みを入力してください,Text
（）と大砲を打った。,どかん,,漢字の読みを入力してください,Text
脇腹が（）と痛む。,ちくちく,,漢字の読みを入力してください,Text
涙が（）と落ちた。,ぽたぽた,,漢字の読みを入力してください,Text
壁を（）と磨いた。,ごしごし,,漢字の読みを入力してください,Text
祖父は孫に（）だ。,でれでれ,,漢字の読みを入力してください,Text
床を（）に磨いた。,ぴかぴか,,漢字の読みを入力してください,Text
"手を（）と叩いた。
②拍手の音。",ぱちぱち,,漢字の読みを入力してください,Text
"手を（）と叩いた。
打ち合わせたり、たたいたりする音。",ぱんぱん,,漢字の読みを入力してください,Text
血が（）と流れる。,だらだら,,漢字の読みを入力してください,Text
汗で服が（）する。,べたべた,,漢字の読みを入力してください,Text
下の歯が（）する。,がくがく,,漢字の読みを入力してください,Text
ヤギが（）と鳴く。,メェー,,漢字の読みを入力してください,Text
（）はしってんだ。,とろとろ,,漢字の読みを入力してください,Text
（）とガムを噛む。,くちゃくちゃ,,漢字の読みを入力してください,Text
（）きまってるね！,ばっちり,,漢字の読みを入力してください,Text
羊が（）と鳴く。,メェー,,漢字の読みを入力してください,Text
彼は筋肉（）だ。,もりもり,,漢字の読みを入力してください,Text
馬が（）と鳴く。,ヒヒーン,,漢字の読みを入力してください,Text
猫が（）と鳴く。,ニャー,,漢字の読みを入力してください,Text
豚が（）と鳴く。,ぶうぶう,,漢字の読みを入力してください,Text
体を（）洗った。,ごしごし,,漢字の読みを入力してください,Text
太鼓を（）叩く。,どんどん,,漢字の読みを入力してください,Text
歯が（）と痛む。,ずきずき,,漢字の読みを入力してください,Text
犬が（）と鳴く。,わんわん,,漢字の読みを入力してください,Text
鶏が（）と鳴く。,コケコッコー,,漢字の読みを入力してください,Text
牛が（）と鳴く。,モー,,漢字の読みを入力してください,Text
汗が（）と出る。,だらだら,,漢字の読みを入力してください,Text
胃が（）と痛む。,きりきり,,漢字の読みを入力してください,Text
"頭が（）する。
①目まいがするようす。",くらくら,,漢字の読みを入力してください,Text
"頭が（）する。
脈打つように絶えず痛むようす。",ずきずき,,漢字の読みを入力してください,Text
